,Year,Distance,Type,Stage,Temperature,Precipitation,Humidity,Wind Speed,Relative Wind Speed,Average_speed
0,1980,8.0,0,0.0,12.7,1.36,84.27,12.7,1.9402777777777778,52.0795660036166
1,1980,133.0,1,1.1,17.5,2.0,94.35,18.3,7.152880559443218,39.9699474079639
2,1980,163.0,1,10.0,17.2,16.0,85.38,25.9,16.000983788310037,34.5623748380257
3,1980,52.0,0,11.0,13.4,4.91,87.26,26.2,6.9755239723274265,44.3181818181818
4,1980,194.0,1,12.0,10.5,4.26,82.53,33.1,26.520447193178562,33.700057903879596
5,1980,200.0,3,13.0,20.4,0.0,51.8,38.6,26.233808178101487,30.9650782728367
6,1980,189.0,1,14.0,20.7,0.0,46.49,50.8,41.62319118460728,33.8692816964508
7,1980,160.0,1,15.0,15.9,0.0,60.93,17.3,12.789526574128999,40.3842108953236
8,1980,209.0,3,16.0,17.6,1.0,69.18,36.7,29.19411477366686,32.5277765768882
9,1980,242.0,3,17.0,17.6,2.0,72.57,25.0,9.430837402083338,33.8369518778887
10,1980,199.0,3,18.0,14.0,0.0,67.83,22.0,4.519260972850011,33.8467353302466
11,1980,140.0,2,19.0,11.3,3.5,80.84,15.8,1.8296676213464615,34.9199750571607
12,1980,276.0,1,2.0,10.2,9.94,90.52,29.6,2.061026270994648,36.2919132149901
13,1980,34.0,0,20.0,16.3,0.0,67.13,9.9,0.275,44.70416362308251
14,1980,208.0,1,21.0,17.2,0.85,90.62,30.9,16.417130286775194,35.8054798450724
15,1980,186.0,1,22.0,15.3,8.92,89.98,55.7,12.093676484344014,35.717714834373496
16,1980,282.0,1,3.0,11.2,2.78,87.61,23.0,6.853947842207555,35.3518821603928
17,1980,35.0,0,4.0,11.8,1.0,76.65,25.9,9.611777777777778,44.241573033707894
18,1980,249.0,1,5.0,11.7,9.86,94.17,38.3,0.5416268882423844,30.908213226674
19,1980,216.0,1,6.0,14.4,1.02,84.07,25.0,14.808138402334507,36.2838878260464
20,1980,164.0,1,8.0,15.5,0.0,84.09,24.1,1.481260703924254,37.6915219611849
21,1980,205.0,1,9.0,15.3,1.0,93.45,36.8,12.084931073563755,37.4486223169432
22,1981,6.0,0,0.0,18.9,0.0,81.31,18.2,3.912999999999999,52.94117647058821
23,1981,97.0,2,1.1,19.2,0.0,69.92,15.6,14.38426811019029,40.6093731829282
24,1981,264.0,1,10.0,18.6,0.0,75.84,10.7,10.578527719426827,40.5443453777569
25,1981,246.0,1,11.0,22.3,0.0,71.46,19.6,1.5664217686953332,38.989169675090295
26,1981,107.0,1,12.1,22.2,0.0,75.69,14.8,1.9077173241404244,44.032921810699605
27,1981,157.0,1,13.0,21.9,0.0,71.15,16.2,1.4489999999999994,39.03314917127071
28,1981,38.0,0,14.0,17.6,2.74,81.6,21.4,6.809243926500706,45.148514851485096
29,1981,231.0,2,15.0,19.5,0.0,70.85,13.0,1.4345651244542121,39.928938397272795
30,1981,200.0,3,16.0,19.3,0.0,67.84,21.0,1.5780077141788893,32.04414971738839
31,1981,230.0,3,17.0,20.1,0.0,68.06,21.6,9.15274074059255,30.2432610124918
32,1981,134.0,3,18.0,21.4,0.0,69.84,10.8,7.989575282838688,31.318574303707102
33,1981,118.0,1,19.0,19.3,0.0,76.12,25.9,8.777222222222223,37.854214934949205
34,1981,254.0,1,2.0,21.1,0.0,62.04,34.1,28.71379957195879,38.832972353166
35,1981,46.0,0,20.0,20.1,0.0,76.47,15.0,4.958333333333333,45.048966267682296
36,1981,207.0,1,21.0,13.9,3.19,80.07,24.2,9.73838538996257,37.3421527360192
37,1981,187.0,1,22.0,14.9,0.0,73.22,26.6,2.9582304999961004,39.3132445690259
38,1981,232.0,1,3.0,15.3,19.19,82.38,34.9,2.0519830547808886,35.344900550148104
39,1981,117.0,3,5.0,11.3,0.0,69.39,56.2,24.653022249508584,33.030112923463
40,1981,27.0,0,6.0,19.2,0.0,66.4,10.8,5.554981999423724,45.1672862453532
41,1981,227.0,1,7.0,16.7,5.89,88.17,25.5,23.338647700387856,40.3675163011263
42,1981,182.0,1,8.0,15.9,1.5,76.23,34.8,15.757214960421114,39.620245510068294
43,1981,197.0,1,9.0,18.7,0.0,74.38,23.6,23.556769788956647,44.91734752042561
44,1982,7.0,0,0.0,21.7,0.0,69.28,17.7,2.9795000000000007,44.13309982486871
45,1982,207.0,2,1.0,21.6,0.0,63.72,28.0,20.656612596348968,38.7660614888415
46,1982,147.0,1,10.0,20.5,8.71,73.54,22.0,8.529234611198419,44.8056896113792
47,1982,57.0,0,11.0,22.3,0.0,73.26,17.2,10.186222222222224,44.138524413852394
48,1982,249.0,3,12.0,19.7,0.0,73.53,8.3,0.242916878788022,35.932176213572795
49,1982,122.0,3,13.0,18.0,0.0,77.56,59.5,30.92241461266728,33.204808346563894
50,1982,33.0,0,14.0,28.5,0.0,47.05,31.1,14.029555555555556,43.805309734513294
51,1982,208.0,3,15.0,20.0,0.0,63.62,14.9,13.840943093698838,31.620286305477
52,1982,123.0,3,16.0,23.1,0.0,62.94,18.4,14.197649936348885,36.111564182025795
53,1982,251.0,3,17.0,22.1,6.02,67.47,13.8,10.56949889374811,33.1474688187821
54,1982,233.0,1,18.0,20.4,16.03,77.6,23.3,3.049360763798651,35.586101565483
55,1982,48.0,0,19.0,20.7,0.0,73.1,18.7,2.5868333333333338,44.6627035409667
56,1982,250.0,1,2.0,17.4,37.37,70.92,18.4,5.225427604547032,38.3092836163964
57,1982,161.0,1,20.0,17.8,0.0,73.74,17.5,6.0090461013062955,36.8210405946255
58,1982,187.0,1,21.0,17.4,0.0,72.0,16.5,3.7233259367143696,37.2262773722628
59,1982,134.0,1,3.0,14.5,0.0,69.03,16.3,6.5140833002615715,40.58214856566
60,1982,219.0,1,4.0,15.6,0.0,84.22,21.3,6.039663217213891,37.9476318829419
61,1982,233.0,1,6.0,19.8,0.0,82.66,10.8,1.2419999999999993,39.302783244307
62,1982,235.0,1,7.0,18.7,0.3,83.84,20.0,4.818495156262417,38.398692810457504
63,1982,201.0,1,8.0,18.2,4.0,88.86,20.3,15.830192289694615,39.7364085667216
64,1983,6.0,0,0.0,15.5,0.78,77.25,13.2,6.2040000000000015,51.3064133016627
65,1983,163.0,1,1.0,17.7,0.0,70.91,10.0,0.7237347767547533,42.589635651037895
66,1983,201.0,3,10.0,21.7,0.0,72.95,37.1,10.392112849286079,31.451297431216602
67,1983,177.0,1,11.0,25.6,0.0,77.61,20.2,10.85989252901719,39.7603893672782
68,1983,261.0,1,12.0,20.9,0.0,63.77,46.4,40.565894795723786,35.7683962084586
69,1983,210.0,2,13.0,23.1,0.0,52.27,14.8,9.218038060235092,34.9902804776451
70,1983,149.0,2,14.0,21.8,0.0,53.59,10.8,10.512006657195426,40.7722712070538
71,1983,16.0,0,15.0,24.2,0.0,56.44,18.1,4.746222222222221,23.577568563241897
72,1983,144.0,2,16.0,26.3,0.0,50.08,36.3,15.094320853360777,37.625199593554896
73,1983,223.0,3,17.0,24.8,0.0,49.44,22.4,10.23520545156067,30.303487845387302
74,1983,247.0,3,18.0,25.7,0.0,51.13,13.0,11.704552097975272,31.8424350940018
75,1983,15.0,0,19.0,23.5,0.0,67.69,20.2,7.540864109678739,25.604551920341397
76,1983,291.0,1,20.0,26.0,0.0,46.06,18.4,8.653956634843713,39.419024683925294
77,1983,50.0,0,21.0,25.7,0.0,57.1,42.4,28.784888888888887,41.8896904817314
78,1983,195.0,1,22.0,20.9,0.8,68.76,16.6,7.988951143100589,35.3545527800161
79,1983,152.0,2,3.0,19.2,0.0,70.03,17.1,8.660747659514776,40.3361344537815
80,1983,300.0,1,4.0,19.2,6.0,84.2,25.7,12.545550391174231,37.642466278624
81,1983,257.0,1,5.0,19.9,0.36,84.07,16.4,0.31015293040423136,35.8701973403637
82,1983,58.0,0,6.0,20.5,0.0,85.99,14.9,1.5181919988615644,44.293593551124296
83,1983,216.0,1,7.0,22.3,0.0,78.64,17.2,3.4465663378624805,37.498191638134706
84,1983,222.0,1,8.0,27.2,0.0,64.42,14.3,2.233999754105159,35.425531914893604
85,1983,207.0,1,9.0,25.2,0.0,77.1,10.8,4.566024657826717,35.8234785116816
86,1984,5.0,0,0.0,14.9,0.0,54.11,14.6,13.378968565441308,45.1127819548872
87,1984,149.0,1,1.0,20.4,3.69,75.69,35.3,1.0332832913875507,43.12590448625179
88,1984,198.0,1,10.0,22.1,0.0,77.28,15.1,1.4900870219597682,40.8200664299622
89,1984,227.0,3,11.0,24.2,0.0,60.0,11.2,3.79185242337716,32.146650407143696
90,1984,111.0,1,12.0,24.0,0.0,69.86,40.7,30.341132823560663,41.6857917796787
91,1984,220.0,1,13.0,22.8,0.0,55.29,42.6,30.0361345469394,36.3252763381186
92,1984,228.0,2,14.0,25.4,0.0,71.7,18.4,11.510942177497716,37.9209979209979
93,1984,241.0,2,15.0,21.3,0.0,65.98,23.7,20.538952864848028,33.9675828047921
94,1984,22.0,0,16.0,18.4,0.0,76.76,15.9,4.291780288159678,31.291979454760998
95,1984,151.0,3,17.0,17.3,3.0,59.42,33.5,8.005950890369625,32.4266284896206
96,1984,185.0,3,18.0,16.3,0.0,70.16,15.0,5.096612768398605,29.7786720321932
97,1984,186.0,3,19.0,16.2,0.0,59.07,16.8,4.088201062602358,29.647996457826
98,1984,249.0,1,2.0,11.9,0.0,68.08,12.8,7.553258210851972,35.527723831794205
99,1984,141.0,3,20.0,16.3,0.0,60.43,18.4,18.19448881357673,33.939556031024296
100,1984,320.0,2,21.0,19.4,0.0,69.08,14.8,0.1521522179267931,33.794883830086796
101,1984,51.0,0,22.0,21.1,0.0,67.2,18.4,9.24075878426349,45.4567962366923
102,1984,83.0,1,4.0,13.8,0.0,79.02,36.1,5.249153688155466,35.814455231931
103,1984,207.0,1,5.0,14.0,0.0,65.04,18.8,8.663526087365234,42.8645383951682
104,1984,202.0,1,6.0,15.2,0.0,60.6,18.3,2.322385156775803,38.449743562628896
105,1984,67.0,0,7.0,18.1,0.0,59.73,20.3,11.165941575103002,45.9166190748144
106,1984,192.0,1,8.0,22.6,0.0,44.91,27.6,26.31548740728157,44.49308014161571
107,1984,338.0,1,9.0,23.9,0.0,52.3,25.9,5.507735506431585,34.9544684151561
108,1985,6.0,0,0.0,13.6,0.0,78.05,20.0,10.877777777777775,40.9867172675522
109,1985,256.0,1,1.0,15.2,0.0,76.03,14.8,0.9676223358826558,39.097234006448296
110,1985,204.0,2,10.0,19.4,0.0,69.17,14.7,1.893910295517143,39.9412628487518
111,1985,195.0,3,11.0,19.4,0.0,64.84,14.1,0.6918869964407299,36.6694525699958
112,1985,269.0,3,12.0,19.9,0.0,65.17,24.2,2.236327595023987,31.9277307045597
113,1985,32.0,0,13.0,20.0,0.0,62.77,15.9,0.30033333333333384,46.75324675324679
114,1985,179.0,2,14.0,23.1,0.0,56.62,28.4,17.50498276580785,36.2185251798561
115,1985,238.0,1,15.0,21.9,0.0,69.96,18.4,6.259183658225751,33.3100069979006
116,1985,247.0,1,16.0,21.0,0.0,83.18,22.3,9.504349325708922,37.8157693289104
117,1985,209.0,3,17.0,16.9,0.5,81.89,35.9,0.6191737269241162,30.0467233736672
118,1985,53.0,3,18.1,9.3,17.0,84.67,37.1,32.44847661450429,32.018795099849
119,1985,83.0,3,18.2,22.1,0.0,70.78,14.5,10.525749195190835,50.142641382782294
120,1985,203.0,1,19.0,19.8,0.3,77.88,22.2,11.598685448965115,35.591486874786895
121,1985,242.0,1,2.0,19.9,0.0,73.09,14.8,6.572682465392147,37.2929241042764
122,1985,225.0,1,20.0,18.5,1.0,85.52,25.9,23.93659663453911,38.22557810287871
123,1985,46.0,0,21.0,19.3,0.5,63.75,18.4,11.643111111111107,43.91408114558471
124,1985,196.0,1,22.0,15.8,3.3,70.88,23.5,16.19619124551129,37.4601826290083
125,1985,239.0,1,4.0,17.8,0.0,78.21,23.1,9.834961990632307,36.6034204033013
126,1985,224.0,1,5.0,19.5,0.0,69.48,23.4,2.339006428778612,34.691331469133104
127,1985,222.0,1,6.0,21.0,0.0,71.67,22.3,3.8740636066007292,34.1918370839394
128,1985,217.0,1,7.0,20.0,2.29,87.93,12.9,6.155408760353931,36.6640071338058
129,1985,75.0,0,8.0,19.3,3.0,89.45,18.1,8.640837912199357,47.4100087796313
130,1985,174.0,2,9.0,18.2,2.0,72.7,11.7,3.9232108703199904,41.1563731931669
131,1986,4.6,0,0.0,19.6,0.0,64.24,17.8,9.493333333333334,51.588785046729
132,1986,85.0,1,1.0,20.5,0.0,69.94,25.9,10.178681531677775,43.019822859552896
133,1986,183.0,1,10.0,20.3,0.0,58.08,25.9,1.5419499994229475,41.0825642304814
134,1986,258.3,1,11.0,20.7,0.0,63.73,22.2,0.6243820585001268,41.5867620751342
135,1986,217.5,3,12.0,20.1,0.0,70.1,16.6,5.810159902009655,35.920726672171796
136,1986,186.0,3,13.0,23.3,0.0,50.14,14.8,0.6983800772527392,30.440514615629397
137,1986,154.0,1,14.0,23.7,0.0,61.84,31.3,21.710841475732686,40.573770491803295
138,1986,225.5,1,15.0,25.9,0.0,45.6,34.1,28.481588197357414,38.3811640111579
139,1986,246.5,1,16.0,17.0,5.0,66.37,21.8,10.906610848480472,32.1591650358774
140,1986,190.0,3,17.0,16.3,0.0,62.56,11.1,8.015950206518502,32.3068203287361
141,1986,162.5,3,18.0,20.2,0.0,58.97,18.4,10.14792637676175,32.1729087609305
142,1986,179.5,1,19.0,23.9,0.0,52.69,50.0,22.565620867568853,35.1769188894937
143,1986,58.0,0,20.0,17.5,0.0,62.69,18.4,4.446666666666666,46.031746031745996
144,1986,190.0,1,21.0,18.5,0.0,54.73,9.3,6.782367022016791,34.268537074148306
145,1986,194.0,1,22.0,19.3,0.0,65.97,29.5,20.629110909546437,37.1984021304927
146,1986,214.0,1,3.0,15.6,14.45,86.47,20.4,13.779340880025027,37.1617384593121
147,1986,243.0,1,4.0,15.6,0.0,85.79,27.6,11.089009660901375,34.957042957043
148,1986,124.5,1,5.0,14.4,3.0,92.04,21.9,1.6673964162711583,40.57944771389771
150,1986,201.0,1,7.0,14.6,0.3,87.68,30.8,5.941645022888181,40.6060606060606
151,1986,204.0,1,8.0,18.4,0.0,81.56,14.8,4.727597152937985,43.7272997916047
152,1986,61.5,0,9.0,18.0,2.0,81.0,18.4,6.378666666666667,46.847228099873
153,1987,6.0,0,0.0,26.2,22.65,77.46,24.4,3.266888888888888,50.7042253521127
154,1987,105.0,1,1.0,23.6,63.79,94.27,16.4,6.851555555555554,47.8905359179019
155,1987,87.0,0,10.0,22.3,0.0,53.17,22.3,5.720070645756694,44.168664504301205
156,1987,206.0,2,11.0,22.7,0.0,58.85,18.1,2.9790666414733513,28.9517860628538
157,1987,228.0,1,12.0,23.5,0.0,66.85,14.8,8.306610303694583,39.497618016457295
158,1987,219.0,3,13.0,23.7,0.0,79.96,17.9,13.972116868900638,34.5850149148974
159,1987,166.0,3,14.0,20.9,9.0,94.94,13.2,3.3925024007637794,31.672673309306802
160,1987,164.0,1,15.0,20.5,101.3,90.58,14.8,7.606699902052007,41.347433293648
161,1987,216.0,2,16.0,19.0,0.0,89.18,29.6,11.887484767444375,36.1657597321055
162,1987,239.0,2,17.0,21.7,25.63,85.82,20.4,11.288873444087452,37.9632897987999
163,1987,37.0,3,18.0,15.0,0.0,67.42,33.5,13.53098252522588,27.8428093645485
164,1987,185.0,3,19.0,19.7,0.0,56.9,24.2,21.834577217450057,37.8108322924946
165,1987,201.0,3,20.0,18.1,0.0,65.36,16.5,11.08631206466675,34.243528465288
166,1987,185.0,3,21.0,15.1,0.76,89.9,10.0,6.431075178932401,30.2383654937571
167,1987,186.0,3,22.0,17.4,0.35,80.39,9.4,0.9923347215354484,29.8555377207063
168,1987,219.0,1,3.0,20.9,0.0,76.93,20.0,7.7574203334139895,40.111930806410605
169,1987,79.0,1,4.0,21.0,0.0,62.19,19.9,14.337980717538205,43.3338412311443
170,1987,112.0,1,5.0,21.2,0.0,74.41,28.7,28.431273689772485,44.07039020658
171,1987,169.0,1,6.0,22.3,0.0,71.21,17.4,11.460518730219473,40.0869737102194
172,1987,211.0,1,7.0,22.0,1.3,86.65,18.2,8.775308380329948,41.0661188300806
173,1987,206.0,1,8.0,19.3,0.0,69.51,19.7,4.992123736052912,38.1618895692894
174,1987,260.0,1,9.0,18.6,0.0,67.44,20.5,8.14494071243989,36.6283165062221
175,1988,1.0,0,0.0,15.5,6.28,74.94,27.7,20.13382678562114,48.6486486486487
176,1988,92.0,1,1.0,15.9,5.95,87.73,25.9,9.872462021687033,40.419819380034205
177,1988,149.0,2,10.0,19.1,0.5,66.63,13.1,0.8714099348340061,42.8742706418352
178,1988,232.0,3,11.0,20.2,0.0,61.85,28.7,11.302145990060472,38.147437654151794
179,1988,227.0,3,12.0,19.2,0.3,56.93,14.8,3.1469913887374186,32.7613855035279
180,1988,38.0,3,13.0,15.7,0.0,68.42,23.4,7.810610213431949,36.5384615384615
181,1988,163.0,3,14.0,21.4,0.0,61.14,7.6,0.897840306904477,36.146359492423294
182,1988,187.0,3,15.0,22.8,0.0,76.9,11.2,9.520741671581535,29.4694449308352
183,1988,35.0,1,16.0,22.8,0.0,79.82,17.8,16.202715225896753,45.0643776824034
184,1988,198.0,1,17.0,23.5,0.32,59.92,11.8,7.280377404003528,39.859084046301
185,1988,94.0,1,18.0,21.8,0.0,71.8,14.8,12.028554302636273,42.485875706214706
186,1988,188.0,2,19.0,22.7,0.0,69.55,14.7,2.156090463362734,35.858853449189404
187,1988,223.0,1,20.0,24.2,0.0,69.44,14.5,14.46169054258305,36.7835051546392
188,1988,46.0,0,21.0,25.2,0.0,66.64,27.1,0.6473888888888907,44.0777215863721
189,1988,173.0,1,22.0,18.0,11.14,72.99,24.0,14.473900214100741,35.6109554577163
190,1988,213.0,1,3.0,17.0,0.3,82.51,19.0,16.43186268319956,43.7471474212688
191,1988,158.0,1,4.0,16.3,0.8,81.79,44.3,40.43236257004546,46.1913269449407
192,1988,148.0,1,5.0,15.1,1.55,87.31,28.3,26.80540774832052,45.718208340484
193,1988,52.0,0,6.0,15.3,1.46,84.65,25.4,25.120621308484758,49.2372435560231
194,1988,225.0,1,7.0,17.1,0.5,73.33,22.3,12.349059077990619,41.2633723892002
195,1988,219.0,1,8.0,18.5,0.0,66.76,16.5,3.5190305849488266,40.518038852913996
196,1988,161.0,2,9.0,21.2,0.0,73.6,20.6,11.694646389204877,42.458427953996
197,1989,7.8,0,0.0,16.6,0.7,87.93,29.0,8.329444444444443,47.2727272727273
198,1989,135.5,1,1.0,13.7,5.91,90.35,20.3,13.71377777777778,40.327380952381
199,1989,136.0,3,10.0,19.9,0.0,77.18,18.4,14.787070984421526,31.107440116907
200,1989,158.5,1,11.0,21.4,0.0,61.62,22.3,2.963795680672574,43.667253386393206
201,1989,242.0,1,12.0,27.6,0.0,47.1,25.9,23.065799358152493,42.593135816955105
202,1989,179.0,1,13.0,26.7,0.0,49.46,65.1,52.70749902722603,41.7060384441136
203,1989,240.0,2,14.0,19.7,0.0,48.93,24.6,23.44197811189278,37.121374865735795
204,1989,39.0,3,15.0,21.1,0.0,51.74,15.2,9.712355927424925,33.0975954738331
205,1989,175.0,3,16.0,19.8,0.0,46.61,16.3,14.858103105201426,36.617262423713996
206,1989,165.0,3,17.0,20.8,0.0,67.37,22.3,8.049456665556066,31.8686624818928
207,1989,91.5,3,18.0,22.2,0.0,60.9,25.9,21.47553247459109,36.245598591549296
208,1989,125.0,3,19.0,24.8,0.0,55.79,14.8,11.41971812790306,37.9011201886634
209,1989,130.0,1,20.0,26.3,0.6,53.16,33.5,17.431983084388136,37.815126050420204
210,1989,24.5,0,21.0,26.2,2.0,69.68,17.7,16.047404340939142,54.545454545454504
211,1989,241.0,1,3.0,14.6,12.34,78.23,27.7,13.880191250513118,36.6741345056432
212,1989,255.0,1,4.0,17.9,0.1,67.7,25.6,18.413519357345706,40.9127373206168
213,1989,73.0,0,5.0,21.5,0.0,82.1,20.7,3.9882187585124216,44.6028513238289
214,1989,259.0,1,6.0,19.7,12.04,86.15,29.5,16.07725457183537,37.1992818671454
215,1989,258.5,1,7.0,19.9,0.0,88.48,31.7,10.599649408163861,35.0944676999661
216,1989,157.0,1,8.0,18.3,0.0,86.63,14.8,6.9835904725738684,40.70286619616879
217,1989,147.0,3,9.0,18.8,0.6,89.3,12.0,7.86909363553588,32.355099046221596
218,1990,6.3,0,0.0,19.2,0.0,71.55,35.3,11.25677777777778,48.358208955223894
219,1990,138.5,1,1.0,15.3,0.2,74.06,29.5,8.39111111111111,41.7552968763085
220,1990,118.5,3,10.0,16.4,0.0,71.35,23.8,2.8021743418559324,34.7648928367696
221,1990,182.5,3,11.0,16.4,0.0,58.06,26.2,22.33800651478572,32.4108332100044
222,1990,33.5,3,12.0,20.0,0.0,58.82,14.9,5.779177243119597,35.3458382180539
223,1990,149.0,2,13.0,24.9,0.0,53.42,19.3,16.012162988214907,44.655344655344706
224,1990,205.0,2,14.0,21.0,27.23,81.55,25.5,4.271575256737378,39.416760134593794
225,1990,170.0,1,15.0,25.0,0.0,61.8,20.6,5.6618574277577585,40.1680231031767
226,1990,215.0,3,16.0,21.9,0.0,77.02,7.6,0.2237577419321408,30.379150639767605
227,1990,150.0,3,17.0,22.7,0.2,73.54,11.2,9.25117562946295,36.229453203622896
228,1990,202.0,1,18.0,25.3,0.0,35.54,14.9,5.989518925394286,35.4852876592007
229,1990,182.5,1,19.0,25.2,0.0,37.83,18.3,1.710220883874292,34.6445897489981
230,1990,45.5,0,20.0,24.9,0.0,55.28,19.8,5.104000000000001,43.563829787234
231,1990,182.5,1,21.0,26.6,0.0,45.72,23.5,6.586044153028444,37.26179673321229
232,1990,233.0,1,3.0,14.8,2.94,95.53,25.4,14.363305801289814,40.3793385644827
233,1990,203.0,1,4.0,18.3,4.0,84.17,7.6,4.996675988008418,37.644877144181706
234,1990,301.0,1,5.0,11.8,1.2,86.04,29.7,21.086493784874715,38.9966531111671
235,1990,202.5,1,6.0,13.5,9.1,80.42,30.3,0.6428725666668447,37.5077176373739
236,1990,61.5,0,7.0,12.8,2.8,87.79,18.4,7.55778858996296,47.8702702702703
237,1990,181.5,1,8.0,18.3,4.4,89.12,16.4,1.665281421828415,40.804346468494394
238,1990,196.0,2,9.0,21.0,0.0,68.18,26.1,7.453405228531828,41.102114522048105
239,1991,5.4,0,0.0,23.5,0.0,60.99,22.2,3.379333333333334,52.3989218328841
240,1991,114.5,1,1.0,23.3,3.66,72.58,19.2,4.703999999999999,46.1383478844862
241,1991,207.5,1,10.0,16.0,0.79,92.88,22.3,1.8567075749660025,38.4992011544606
242,1991,246.0,1,11.0,19.2,0.2,80.41,14.8,8.119816872834875,47.2294810943416
243,1991,192.0,3,12.0,30.1,0.0,26.14,33.5,3.2069551260620326,36.4710848459265
244,1991,232.0,3,13.0,22.7,0.0,73.64,14.8,13.759295953377888,32.2770134487556
245,1991,172.5,1,14.0,24.8,0.0,62.04,16.0,13.580158193951087,40.453390658589
246,1991,235.0,2,15.0,26.5,0.0,45.14,23.5,15.2266655017774,36.972292631763
247,1991,215.0,1,16.0,24.3,0.0,39.36,19.2,17.157368899501538,35.1834174280649
248,1991,125.0,3,17.0,23.4,13.94,61.72,22.3,19.17302411715076,36.443148688046605
249,1991,255.0,3,18.0,18.2,4.13,78.16,22.3,21.59841362338772,34.2447868094155
250,1991,177.0,2,19.0,19.1,2.82,61.35,18.4,5.787920568350194,41.088470466855796
251,1991,160.0,2,20.0,26.2,0.96,81.86,17.3,7.126476879930739,37.9646717637754
252,1991,57.0,0,21.0,27.3,0.0,76.9,10.2,4.582841672055547,47.665505226480796
253,1991,178.0,1,22.0,20.8,0.0,68.74,23.5,15.732585976441197,37.6586741889986
254,1991,210.5,1,3.0,21.6,0.19,76.92,11.2,9.252228927361529,40.0719158161916
255,1991,286.0,1,4.0,19.1,0.0,75.4,18.3,3.862962022811136,36.570291965617706
256,1991,149.5,1,5.0,18.6,0.0,73.69,15.1,12.867859822933582,45.387080452015496
257,1991,259.0,1,6.0,23.0,0.0,71.57,35.6,6.856695397703062,39.001129376333296
258,1991,167.0,1,7.0,18.0,0.0,76.19,20.4,7.531271114245757,41.353693768056104
259,1991,73.0,0,8.0,17.4,1.21,89.01,25.9,10.151761984414897,45.7520891364903
260,1991,161.0,1,9.0,16.8,2.24,89.57,18.4,3.468194099088735,43.7400950871632
261,1992,8.0,0,0.0,17.5,5.85,84.55,31.3,17.267166666666668,51.2455516014235
262,1992,194.5,2,1.0,16.4,16.39,86.2,33.4,23.194444444444443,42.0313344138304
263,1992,217.0,1,10.0,20.0,0.0,66.94,24.5,12.06626753729147,43.00578034682079
264,1992,249.5,2,11.0,21.1,0.0,74.36,12.8,0.25926023957083494,38.304405305130295
265,1992,267.5,2,12.0,18.2,0.0,87.62,21.5,5.082128087398877,37.2447400990099
266,1992,254.5,3,13.0,24.0,0.0,70.25,9.7,2.629284750003205,32.8493062278154
267,1992,186.5,3,14.0,23.8,0.0,75.35,10.8,4.961184292188956,32.7224875718881
268,1992,198.0,2,15.0,25.2,0.0,70.64,15.3,12.598128795599113,41.833440929632
269,1992,212.0,2,16.0,20.7,17.4,87.22,14.8,11.487305899062875,36.1124254755371
270,1992,189.0,1,17.0,19.8,0.0,73.7,15.2,13.74419126719085,41.2488632919066
271,1992,212.0,1,18.0,21.6,0.0,54.35,21.9,20.190748141451778,41.39951179820989
272,1992,64.0,0,19.0,20.7,0.0,63.64,22.0,21.331698892364145,52.351738241308794
273,1992,255.0,2,2.0,15.3,16.25,88.76,17.4,15.801885994525753,38.0660142643888
274,1992,222.0,1,20.0,19.4,0.0,70.27,13.6,10.151947222594814,36.633663366336606
275,1992,141.0,1,21.0,21.5,0.0,60.39,16.0,0.9454158241094976,40.5528481265479
276,1992,210.0,1,3.0,19.8,0.2,79.0,18.4,14.14176932106418,36.49177004392529
277,1992,196.0,1,5.0,18.9,0.0,77.49,20.3,15.643128376318451,47.8016394553215
278,1992,167.0,1,6.0,16.4,0.44,82.95,25.7,25.15951385998169,46.15384615384621
279,1992,196.5,1,7.0,16.1,0.9,81.92,21.2,17.563054564844414,45.037244540650704
280,1992,206.5,1,8.0,16.2,2.3,74.72,21.3,14.245585161212803,43.415289376861494
281,1992,65.0,0,9.0,15.9,0.1,74.79,29.5,8.505833333333335,49.0463215258856
282,1993,6.8,0,0.0,20.1,0.2,70.91,12.5,2.472222222222222,49.7560975609756
283,1993,215.0,1,1.0,21.4,0.0,71.49,19.9,13.784904157758698,44.10507721237679
284,1993,203.0,3,10.0,15.5,0.0,56.52,15.1,12.363146019431172,37.0362862355565
285,1993,179.0,3,11.0,20.1,0.0,71.34,14.5,2.5280537815669524,31.490983726726302
286,1993,286.5,1,12.0,23.5,0.0,61.8,22.0,8.980122104292871,38.2226504595316
287,1993,181.5,1,13.0,21.9,0.0,80.17,21.7,17.138584040528798,43.01514154048721
288,1993,223.0,1,14.0,24.9,0.0,64.39,26.5,1.0239793840883973,40.6872434240535
289,1993,231.5,3,15.0,16.7,0.8,77.72,17.0,1.0529763249618251,31.5454786328022
290,1993,230.0,3,16.0,16.5,0.6,69.92,25.9,1.0303787930374353,31.2913344166887
291,1993,190.0,3,17.0,17.6,0.0,73.17,14.1,0.8118180071128923,37.30976926853221
292,1993,199.5,1,18.0,20.1,1.0,78.57,14.8,14.661455258237865,38.7295081967213
293,1993,48.0,0,19.0,21.6,0.0,65.01,22.3,16.99478854467147,50.4967855055523
294,1993,227.5,1,2.0,18.2,0.0,75.43,37.7,13.314247235103636,40.011725047633
295,1993,196.5,1,20.0,16.8,2.76,68.19,30.6,12.14209424166352,36.0183299389002
296,1993,189.5,1,3.0,15.3,0.0,72.17,31.7,22.952586149712207,40.3358363389109
297,1993,225.5,1,5.0,17.0,0.0,66.84,14.8,12.602822230823946,43.3723353101459
298,1993,158.0,1,6.0,17.1,1.4,68.94,31.3,28.03736682335906,49.41789748045179
299,1993,199.0,1,7.0,16.2,0.0,54.27,31.3,25.735798525041844,44.5217823628115
300,1993,184.5,1,8.0,14.1,4.0,57.41,19.2,17.0609484537355,42.1901797624341
301,1993,59.0,0,9.0,15.5,29.4,75.18,14.8,0.08222222222222222,48.604118993135
302,1994,7.2,0,0.0,23.7,0.0,68.05,18.1,0.10055555555555556,55.2665245202559
303,1994,234.0,1,1.0,19.6,0.0,78.97,10.0,2.4747022096756837,40.5467847516365
304,1994,160.5,1,10.0,23.7,0.0,70.71,11.2,7.559478371682134,44.137193491711905
305,1994,263.5,3,11.0,18.9,0.6,89.61,11.2,3.503596150993551,37.8169350980705
306,1994,204.5,3,12.0,24.1,0.0,72.52,14.8,3.115286062700031,33.294138929088305
307,1994,223.0,1,13.0,26.2,0.0,63.53,25.9,13.655837523540853,42.503176620076204
308,1994,202.0,1,14.0,25.7,0.0,76.89,25.6,7.608696404829626,38.9627089584226
309,1994,231.0,3,15.0,26.5,0.4,63.61,18.4,12.684563325792833,35.3586462009439
310,1994,224.5,3,16.0,20.1,9.4,80.09,13.2,8.54563541161527,36.7280163599182
311,1994,149.0,3,17.0,19.5,5.86,61.94,19.5,13.727719475032023,28.483432455395103
312,1994,174.5,3,18.0,20.2,0.0,70.2,24.1,16.46666686758375,35.817321398027296
313,1994,47.5,3,19.0,22.6,0.0,64.59,16.5,10.316059627793322,34.3442458324965
314,1994,203.5,1,2.0,8.6,0.0,76.91,20.1,8.72498597681237,39.945474372955296
315,1994,208.5,2,20.0,20.2,3.0,75.23,12.8,10.400888695409495,35.6799923943528
316,1994,175.0,1,21.0,25.1,0.1,62.74,35.0,6.008333333333334,37.028329610908706
317,1994,204.5,1,4.0,14.7,0.0,85.44,25.6,7.78127430371886,39.2158951685932
318,1994,187.0,1,5.0,15.9,0.0,77.3,28.9,9.9705,44.7338693600904
319,1994,270.5,1,6.0,16.5,0.41,72.92,26.1,4.489311277980714,38.7551239702312
320,1994,259.5,1,7.0,17.0,0.0,63.93,11.2,6.751017931604539,43.633815973844
321,1994,218.5,1,8.0,20.3,0.0,65.8,12.6,3.894426790472687,42.3654871546292
322,1994,64.0,0,9.0,22.0,0.0,66.35,7.6,1.8489280547246139,50.548486178148295
323,1995,7.3,0,0.0,19.1,1.0,80.31,30.9,8.068333333333333,48.6666666666667
324,1995,233.5,1,1.0,15.9,24.01,96.72,14.8,7.948381200339776,40.1087890065846
325,1995,162.5,3,10.0,21.6,2.11,70.29,13.4,2.431069040656056,31.1269554113015
326,1995,199.0,2,11.0,23.5,0.2,61.69,22.3,15.289534126918966,42.153574580759
328,1995,245.0,1,13.0,23.2,0.0,64.19,24.0,11.433839196245586,41.91019244476121
329,1995,164.0,3,14.0,19.0,0.2,87.72,11.2,4.664369648266221,36.5618033192965
330,1995,206.0,3,15.0,21.8,0.0,71.81,9.4,7.341578530586533,32.4579831932773
331,1995,246.0,1,17.0,26.8,0.0,61.95,22.3,22.02206822018369,37.8639531403651
332,1995,166.5,1,18.0,25.4,0.5,75.18,18.4,18.160225440555866,43.8382213120749
333,1995,46.5,0,19.0,22.7,0.6,70.14,31.3,7.320722222222222,48.4655471916618
334,1995,235.5,1,2.0,17.6,19.0,76.53,18.4,15.984910655813934,43.266139321255395
335,1995,155.0,1,20.0,18.3,0.0,58.28,15.2,6.1330728241822605,42.3176095859245
336,1995,162.0,1,4.0,16.5,0.0,84.95,25.8,9.363151599130685,44.1049686152915
337,1995,261.0,1,5.0,16.4,0.0,77.53,25.9,25.667583027564575,44.518146498626
338,1995,202.0,1,6.0,18.8,0.0,73.83,10.8,7.778882247981228,44.7315002768038
339,1995,203.0,2,7.0,22.9,7.0,66.06,13.9,0.9536433786168005,42.257430322655296
340,1995,54.0,0,8.0,24.9,0.0,60.48,14.4,5.0198222584944405,50.4149377593361
341,1995,160.0,3,9.0,22.4,9.91,76.17,25.9,13.9507052113365,34.127266263775304
342,1996,9.4,0,0.0,13.6,0.84,89.75,26.4,11.02933333333333,51.822358346094894
343,1996,209.0,1,1.0,14.5,1.33,83.69,27.1,9.771055555555556,41.797677906783
344,1996,208.5,2,10.0,13.7,0.0,55.56,20.1,6.665367741933368,40.594916170903204
345,1996,202.0,2,11.0,22.6,0.0,70.06,18.4,1.9332689631081348,39.1979301423027
346,1996,143.5,2,12.0,17.6,0.0,68.73,18.1,14.96038736137285,26.145047826307
347,1996,177.0,2,13.0,20.7,0.0,68.41,13.0,12.534576336145479,43.536485378518705
348,1996,186.5,2,14.0,22.2,0.0,68.37,9.4,8.549636862480153,45.398607072824404
349,1996,176.0,1,15.0,25.0,0.0,63.7,11.2,1.51017291341948,44.9616803860346
350,1996,199.0,3,16.0,25.4,0.0,62.79,27.7,3.8632056535384525,40.3015301530153
351,1996,262.0,3,17.0,26.6,0.0,56.56,22.2,14.666852685914861,36.8034961760574
352,1996,154.5,2,18.0,23.0,0.0,79.24,18.4,9.121775248412542,36.927366883548004
353,1996,226.5,1,19.0,24.1,0.0,54.17,20.2,13.521607514535555,41.7918097483471
354,1996,247.5,1,2.0,14.6,0.5,76.1,41.5,1.4129887758847293,38.1388579744885
355,1996,63.5,0,20.0,23.6,0.0,50.2,14.8,4.138952792647175,50.4524387552417
356,1996,147.5,1,21.0,22.7,0.0,37.02,14.8,8.640196076310618,41.996203732995895
357,1996,195.0,1,3.0,15.2,0.5,64.76,21.2,7.205579011038905,35.524517989980296
358,1996,232.0,1,4.0,19.8,6.6,70.43,20.5,1.2530704052061423,40.484730974309294
359,1996,242.0,1,5.0,19.6,2.21,78.92,29.5,25.82811400594043,42.2297624818226
360,1996,207.0,2,6.0,17.8,33.15,87.9,25.4,1.8296511185801256,40.6369287817646
361,1996,200.0,3,7.0,23.7,0.0,57.38,29.5,16.530168563510458,34.5456290183284
362,1996,30.5,0,8.0,16.2,6.0,84.76,24.1,13.697462397475757,35.2714423385802
363,1996,46.0,3,9.0,16.3,17.59,66.93,28.6,23.54892504795569,39.0197926484449
364,1997,7.3,0,0.0,15.6,1.0,80.25,27.7,20.0825,52.56
365,1997,192.0,1,1.0,16.5,0.3,78.23,18.4,14.265050421128137,41.14530626823029
366,1997,252.5,3,10.0,21.7,0.0,78.82,7.6,2.9707346792839946,32.5037545591075
367,1997,192.0,2,11.0,24.4,0.0,66.65,25.9,7.54745777119145,37.760174815624104
368,1997,55.0,0,12.0,17.8,5.0,72.41,27.0,15.299999999999999,43.1937172774869
369,1997,203.5,3,13.0,16.7,1.96,73.96,22.3,3.1851119521660416,40.33696729435079
370,1997,148.0,3,14.0,19.1,0.0,51.64,19.3,18.08803937964097,32.377248420029204
371,1997,208.5,3,15.0,16.8,0.0,62.46,16.6,16.016032940597242,35.0158611681284
372,1997,181.0,2,16.0,17.8,0.0,68.17,14.8,12.588639298714899,40.194929368947
373,1997,218.5,1,17.0,19.6,0.0,81.82,14.8,13.790714440521452,44.4959837085643
374,1997,175.5,2,18.0,20.6,7.0,76.17,12.5,0.8250996051079006,39.7658610271903
375,1997,172.0,1,19.0,17.8,3.4,80.18,24.1,3.535300894565375,42.419675275741604
376,1997,262.0,1,2.0,18.4,0.2,78.71,20.5,2.5476428251220207,40.5381011733356
377,1997,63.0,0,20.0,19.6,0.0,76.74,17.7,7.001333333333332,49.7695852534562
378,1997,149.5,1,21.0,21.0,0.0,67.64,19.9,12.205333333333328,38.2352941176471
379,1997,224.0,1,3.0,22.1,0.0,66.0,22.3,18.908688016580843,45.628925479545096
380,1997,223.0,1,4.0,22.6,0.0,61.88,20.5,8.194061072001908,38.5924430343236
381,1997,261.5,1,5.0,22.2,3.0,64.32,14.8,1.793940971293248,41.6474960184038
382,1997,217.5,1,6.0,21.0,4.0,68.28,19.8,10.049207652252546,36.4372469635628
383,1997,194.0,1,7.0,20.2,0.0,73.58,14.8,12.757624872497356,46.3283582089552
384,1997,161.5,1,8.0,22.3,10.4,71.31,28.7,13.417161992910602,47.8046373951653
385,1997,182.0,3,9.0,20.0,0.6,88.41,13.0,5.972014579260783,33.6051700261579
386,1998,5.6,0,0.0,13.2,0.41,92.13,14.7,0.9718333333333339,54.1935483870968
387,1998,180.5,1,1.0,14.7,0.99,87.14,23.6,7.958444444444443,40.116063711569296
388,1998,196.5,3,10.0,22.2,8.13,88.83,31.3,0.5494797253919523,33.7178265014299
389,1998,170.0,3,11.0,21.4,0.0,61.58,12.7,9.939869751248649,32.3347598668569
390,1998,222.0,1,12.0,28.4,0.0,46.42,31.2,27.26448501844708,52.6794542218707
391,1998,196.0,1,13.0,27.5,0.0,45.41,30.4,16.575461829455783,43.1137724550898
392,1998,186.5,2,14.0,24.5,0.0,53.15,18.5,16.970972482649085,41.3092967452163
393,1998,189.0,3,15.0,19.1,23.95,87.76,25.8,6.252902330962561,32.9890909090909
394,1998,204.0,3,16.0,26.0,0.0,83.47,18.7,6.137826898505281,36.02295580517
395,1998,218.5,2,18.0,21.6,0.0,60.39,30.9,24.244385183059617,44.6754131879366
396,1998,242.0,1,19.0,17.9,0.2,64.83,16.4,2.8949723052370766,46.8034812506715
397,1998,205.5,1,2.0,13.3,0.2,74.44,18.4,4.703477928844577,35.7218734910671
398,1998,52.0,0,20.0,15.5,18.98,79.39,18.4,16.452699262519484,48.8517745302714
399,1998,147.5,1,21.0,16.2,30.8,86.41,24.1,21.904880133759324,39.4033837934105
400,1998,169.0,1,3.0,15.2,0.0,77.48,29.5,19.321889710088303,47.4719101123595
401,1998,252.0,1,4.0,15.8,0.2,72.69,24.1,20.172089615750362,43.3817903596021
402,1998,228.5,1,5.0,17.5,0.4,74.86,35.3,25.8834263803391,43.00277066234511
403,1998,204.5,1,6.0,19.9,0.2,73.58,16.6,4.832186825714162,40.1592843115863
404,1998,58.0,0,7.0,21.6,0.2,67.2,11.2,4.991988566194786,46.1436464088398
405,1998,190.5,1,8.0,26.6,0.0,56.56,24.2,6.0684699839625855,40.688223079204995
406,1998,210.0,1,9.0,24.7,1.2,74.29,30.2,7.653219230161218,39.231966787753
407,1999,6.8,0,0.0,18.8,0.0,84.89,24.4,7.319999999999999,50.7883817427386
408,1999,208.0,1,1.0,17.1,15.09,91.05,12.6,0.9078730345758492,42.1194735065812
409,1999,220.5,3,10.0,19.6,6.02,73.47,15.2,10.662924375912246,32.8682042151464
410,1999,198.5,2,11.0,18.5,0.0,71.06,17.1,13.415261595081363,43.4592227695676
411,1999,201.5,2,12.0,17.8,0.0,73.12,16.5,1.4232497805498643,41.145774248440205
412,1999,236.5,2,13.0,23.0,0.0,58.33,24.1,7.808313781387001,40.2267895109851
413,1999,199.0,1,14.0,20.5,18.0,85.49,19.0,0.7931936296643894,42.952215360633105
414,1999,173.0,3,15.0,21.1,0.0,82.17,18.4,4.375252585859785,32.4560946375528
415,1999,192.0,3,16.0,21.5,0.2,82.55,13.0,1.072152250620608,36.3273243285857
416,1999,200.0,1,17.0,18.5,0.0,61.28,22.3,6.842641579320459,45.7171883929138
417,1999,187.5,1,18.0,16.7,0.0,67.17,20.5,12.468432256745643,43.6525900536765
418,1999,57.0,0,19.0,18.2,0.0,57.81,29.6,10.244888888888891,50.0854283622163
419,1999,176.0,1,2.0,18.1,15.21,81.46,25.7,16.082239379816755,46.822347029264
420,1999,143.5,1,20.0,22.9,0.0,58.26,22.3,6.493827216355272,39.5589248793935
421,1999,194.5,1,3.0,22.2,12.26,78.7,31.8,18.246987641878604,43.3104472072741
422,1999,194.5,1,4.0,17.4,0.2,78.5,18.8,11.187039931203019,50.3559870550162
423,1999,233.5,1,5.0,18.7,0.2,77.73,20.7,9.793365412209422,41.6385971864474
424,1999,171.5,1,6.0,18.5,0.0,75.92,20.4,3.605110643431156,40.9715309575951
425,1999,227.0,1,7.0,20.2,0.0,68.83,23.9,5.992933369236443,41.6534991589785
426,1999,56.5,0,8.0,23.0,0.8,69.34,25.9,11.453555555555559,49.4169096209913
427,1999,213.5,3,9.0,19.3,7.6,70.38,13.9,0.2684665038320583,35.8639354206523
428,2000,16.5,0,1.0,19.3,2.32,77.91,14.8,6.092666666666666,51.968503937007895
429,2000,205.0,3,10.0,15.3,16.7,89.72,25.4,16.521654749444796,33.2852246076132
430,2000,218.5,2,11.0,15.0,11.16,76.92,31.5,27.55860855187559,42.873494304245895
431,2000,149.0,3,12.0,12.1,2.82,81.32,20.0,9.54486518918958,35.033635948011195
432,2000,185.5,1,13.0,21.9,0.0,49.43,44.7,41.1667687845875,45.796187079961605
433,2000,249.5,3,14.0,12.6,0.0,59.99,29.5,25.375698666324258,31.4352710600917
434,2000,173.5,3,15.0,12.1,0.2,66.17,11.6,9.949446791965066,31.096285970327603
435,2000,196.5,3,16.0,16.2,0.0,68.67,16.2,14.780895563995468,35.4764292878636
436,2000,155.0,2,17.0,15.2,0.0,68.31,13.1,12.134545187250321,45.3916863255511
437,2000,246.5,1,18.0,16.5,0.0,68.99,13.4,10.107922386417494,40.162932790224
438,2000,58.5,0,19.0,17.4,0.2,70.37,12.8,7.73299566860749,53.9861573955396
439,2000,194.0,1,2.0,18.8,2.49,79.97,22.5,14.965416199512758,40.680335507921704
440,2000,254.5,1,20.0,18.9,0.0,65.77,18.3,15.972158706938119,40.805237607446706
441,2000,138.0,1,21.0,20.9,0.0,62.82,19.4,12.890222222222224,42.9906542056075
442,2000,161.5,1,3.0,17.5,5.58,81.62,28.5,8.9185712965263,44.480146890061995
443,2000,202.0,1,5.0,17.8,1.4,75.39,25.9,24.594939167817298,46.7803152138951
444,2000,198.5,1,6.0,19.8,0.0,67.0,25.9,0.963606176263803,44.4237224916076
445,2000,205.5,1,7.0,18.2,13.34,82.61,29.3,11.297028823245169,39.559381851237895
446,2000,203.5,1,8.0,19.3,0.0,66.37,26.8,15.534508165256586,46.561586373458795
447,2000,181.0,1,9.0,18.2,1.6,77.06,19.5,1.9615981312518376,40.3567447045708
448,2001,8.2,0,0.0,17.8,56.96,94.24,29.2,14.324222222222224,52.71428571428571
449,2001,194.5,1,1.0,18.3,0.0,82.56,18.4,6.644661091977387,39.525825571549504
450,2001,209.0,3,10.0,16.4,0.7,70.11,22.3,1.1678581710155296,32.674686237894605
451,2001,32.0,0,11.0,16.9,22.13,76.94,20.3,5.033258786411083,28.4655300222387
452,2001,166.5,3,12.0,16.5,3.69,68.8,32.2,5.0310662858045125,32.9087515098276
453,2001,194.0,3,13.0,17.2,0.0,70.58,10.1,7.135619099832721,33.8011809118188
454,2001,141.5,3,14.0,21.5,0.0,69.72,25.1,8.456858296612566,32.0982986767486
455,2001,232.5,1,15.0,22.6,0.8,75.72,15.0,14.912968300694931,44.0967283072546
456,2001,229.5,1,16.0,22.2,4.0,68.11,12.8,10.833090422051235,42.086495848403004
457,2001,194.0,1,17.0,23.5,0.0,65.44,9.6,9.009259319318604,45.899053627760296
458,2001,61.0,0,18.0,23.5,27.56,72.82,28.4,25.608174133044983,49.2818671454219
459,2001,149.5,1,19.0,22.8,2.7,77.19,12.4,8.750823847047279,46.6095089633671
460,2001,220.5,1,2.0,17.9,0.2,72.44,20.2,18.058278556070256,47.9724421345259
461,2001,160.5,1,20.0,24.2,0.0,57.88,14.6,7.690108007934037,40.5530600786075
462,2001,198.5,1,3.0,19.0,0.7,71.32,31.8,13.734197839940402,43.382710053424
463,2001,215.0,1,4.0,18.0,9.27,63.99,43.2,16.384844735319177,40.589438355446
464,2001,211.5,1,6.0,18.2,18.77,79.04,18.9,12.60427761883032,43.66076036469979
465,2001,162.5,2,7.0,18.7,26.88,88.9,25.7,2.3974283612627785,39.6234082904362
466,2001,222.5,1,8.0,10.4,43.88,93.62,24.8,7.5972897953733955,44.6040761777481
467,2001,185.0,1,9.0,15.4,28.9,76.02,22.2,5.705462996575942,46.6778805719092
468,2002,7.0,0,0.0,14.8,4.3,83.89,14.7,3.568833333333332,45.985401459854
469,2002,192.5,1,1.0,17.2,0.0,72.62,18.2,5.5813333333333315,39.928554966582205
470,2002,147.0,1,10.0,19.2,0.0,80.38,18.0,9.135503525122255,48.9320388349515
471,2002,158.0,3,11.0,20.2,0.35,73.22,13.8,0.0961482983817526,36.190112616911605
472,2002,199.5,3,12.0,16.9,0.0,65.19,14.2,5.0204889403607895,33.2054186508854
473,2002,171.0,1,13.0,21.8,0.7,72.8,18.3,4.046375251522927,41.320982682239205
474,2002,221.0,3,14.0,22.4,1.6,63.73,37.1,36.45657828397014,38.6101135591575
475,2002,226.5,2,15.0,20.8,0.0,53.88,16.1,11.180827837066417,38.252955526365206
476,2002,179.5,3,16.0,18.4,2.2,70.81,20.7,3.906997999571282,30.905351762399
477,2002,142.0,3,17.0,18.2,0.0,63.26,16.2,9.298106738230855,35.141266240461995
478,2002,176.5,2,18.0,19.5,0.0,71.37,22.4,13.418911946119378,39.4462378942141
479,2002,50.0,0,19.0,27.7,0.0,75.77,16.2,3.384926375872403,46.9973890339426
480,2002,181.0,1,2.0,20.8,0.0,62.97,19.4,5.737847527734916,41.793342312872795
481,2002,144.0,1,20.0,27.6,0.0,51.95,17.8,17.36537481525239,40.989958092828296
482,2002,174.5,1,3.0,20.0,3.9,76.38,29.5,15.11493691982971,41.282775842807396
483,2002,195.0,1,5.0,14.1,4.69,80.7,18.3,5.879574889494147,46.1447446263064
484,2002,199.5,1,6.0,15.7,0.9,78.73,14.8,0.7226256840705125,45.4931272566035
485,2002,176.0,1,7.0,16.4,1.0,71.15,25.9,7.903578892087669,42.0828905419766
486,2002,217.5,1,8.0,16.2,0.2,82.01,25.0,0.7829020329315819,47.1346014928967
487,2002,52.0,0,9.0,18.2,0.1,71.54,22.7,18.176161235531286,50.0668627975395
488,2003,6.5,0,0.0,17.6,0.0,63.01,12.1,7.300333333333335,52.4663677130045
489,2003,168.0,1,1.0,18.2,0.3,71.34,12.4,10.268613115528586,44.8897795591182
490,2003,219.5,1,10.0,26.4,0.2,60.28,32.8,10.700150628032635,42.5456307543208
491,2003,153.5,1,11.0,22.4,0.0,52.51,18.3,0.33202095673704474,43.95132426628489
492,2003,47.0,0,12.0,25.3,0.0,38.27,18.4,10.326025438351317,48.1776765375854
493,2003,197.5,3,13.0,24.6,0.0,45.61,11.1,6.442950814274899,37.4841838886546
494,2003,191.5,3,14.0,23.1,0.0,68.46,11.2,2.3704982107413817,34.6223382884693
495,2003,159.5,3,15.0,21.1,0.0,76.69,20.7,6.0377446695728665,35.518990473834
496,2003,197.5,3,16.0,24.0,7.47,85.31,16.4,6.588302403451951,39.5417385017519
497,2003,181.0,1,17.0,20.6,1.6,75.06,21.8,15.003460127760372,46.3343525563536
498,2003,203.5,1,18.0,18.5,1.11,84.44,29.5,26.541734617014157,50.18495684340321
499,2003,49.0,0,19.0,18.5,42.23,95.02,29.6,22.52213403277248,54.36055469953779
500,2003,204.5,1,2.0,17.0,0.2,75.7,10.8,10.799359761913147,40.0260968846844
501,2003,152.0,1,20.0,19.2,2.15,76.5,18.7,18.22052541890401,41.6787264833575
502,2003,167.5,1,3.0,20.1,0.0,64.07,14.8,0.5967233435055793,48.39874789308929
503,2003,196.5,1,5.0,22.1,0.0,62.05,11.2,1.1937530905849214,47.200907453126
504,2003,230.0,1,6.0,26.0,0.0,40.6,28.8,7.053621429128029,44.7204968944099
505,2003,230.5,3,7.0,23.4,0.0,53.7,13.0,10.529837584625817,37.7817238082229
506,2003,219.0,3,8.0,25.6,0.8,48.07,16.5,3.5303845619259038,36.755244755244796
507,2003,184.5,3,9.0,25.2,0.0,43.04,22.3,2.2249566470645976,36.65562913907279
508,2004,6.1,0,0.0,14.4,1.45,72.36,29.2,9.295333333333335,53.5609756097561
509,2004,202.5,1,1.0,13.8,2.0,77.0,24.7,4.2435645735317395,43.3180818824648
510,2004,237.0,2,10.0,14.3,0.0,59.92,16.5,11.534143266659461,39.4561598224195
511,2004,164.0,2,11.0,19.6,0.0,61.02,12.9,0.502072069233939,41.8782806071783
512,2004,197.5,3,12.0,21.7,0.56,70.72,22.8,6.967290112344131,38.98453777826521
513,2004,205.5,3,13.0,21.9,3.31,72.4,22.4,14.764088970084,33.8147911143615
514,2004,192.5,1,14.0,22.7,0.0,56.39,18.4,7.171635694094536,44.675090252707605
515,2004,180.5,3,15.0,23.6,0.23,60.75,22.3,21.048164407619733,38.609625668449205
516,2004,15.5,0,16.0,23.7,1.8,64.45,15.8,12.65308546682612,23.4355312893742
517,2004,204.5,3,17.0,24.1,0.0,62.9,7.4,6.955414017746069,32.9956973825744
518,2004,166.5,2,18.0,23.0,10.64,63.19,20.2,14.779917338174117,40.934234787953294
519,2004,55.0,0,19.0,19.7,18.71,85.15,18.3,3.2736666666666654,49.3888750311798
520,2004,197.0,1,2.0,16.1,2.48,75.6,15.7,14.872649027740119,45.69882080030929
521,2004,163.0,1,20.0,18.6,0.0,63.04,17.8,0.9496283293624724,39.366697973970204
522,2004,210.0,1,3.0,16.8,0.0,66.45,17.9,9.721571985782996,45.52845528455279
523,2004,200.5,1,5.0,14.4,3.42,81.47,35.3,4.906459088356307,39.31800849765771
524,2004,196.0,1,6.0,14.9,0.4,70.23,25.9,3.4048834680631153,42.9693684915657
525,2004,204.5,1,7.0,13.1,0.0,76.11,25.8,7.152966256321114,45.182275684301004
526,2004,168.0,1,8.0,14.2,11.73,87.32,29.4,7.227163457008447,43.0095292277059
527,2004,160.5,1,9.0,14.6,0.0,66.43,15.1,8.39173122542885,45.2289628180039
528,2005,19.0,0,1.0,18.8,0.0,84.78,23.5,11.26266964566051,54.6762589928058
529,2005,177.0,3,10.0,18.0,1.91,68.2,14.7,13.166046442067424,36.5471752222541
530,2005,173.0,3,11.0,19.1,12.49,65.07,18.1,5.297965169872597,36.0876115424731
531,2005,187.0,2,12.0,22.3,0.21,59.41,24.4,5.10274407720129,43.137254901960794
532,2005,173.5,1,13.0,23.0,0.0,80.27,25.1,23.813633008575515,46.6328206659698
533,2005,220.5,3,14.0,24.1,0.0,58.95,19.2,12.89901001030946,38.4910051883819
534,2005,205.5,3,15.0,20.1,0.0,83.45,14.8,3.8842848830776715,33.630330030002696
535,2005,180.5,3,16.0,19.8,0.01,74.75,18.1,13.658156228719086,38.863636363636395
536,2005,239.5,1,17.0,23.0,0.0,49.62,21.3,18.6910185035199,42.1016651203672
537,2005,189.0,2,18.0,23.0,0.0,79.91,13.0,6.811972305175696,40.850144092219
538,2005,153.5,2,19.0,18.6,0.0,56.55,22.2,11.845007070072462,43.2259073842303
539,2005,181.5,1,2.0,23.3,9.65,66.65,10.5,7.373684037865425,47.0376502771579
540,2005,55.5,0,20.0,19.6,0.0,54.7,14.2,0.3944444444444444,46.4003715745471
541,2005,144.5,1,21.0,19.0,1.37,82.84,18.7,15.790361245547851,39.239646978954504
542,2005,212.5,1,3.0,17.7,28.97,72.19,29.5,21.483331661138006,46.17055947854429
543,2005,183.0,1,5.0,16.3,1.58,78.79,24.6,23.387190883443917,48.584070796460196
544,2005,199.0,1,6.0,13.9,12.29,79.54,22.5,20.44946648139457,47.2185605061956
545,2005,228.5,1,7.0,14.7,1.0,79.27,16.7,8.091133662381399,45.1358024691358
546,2005,231.5,2,8.0,15.2,3.78,82.79,10.2,3.6975590577677964,45.70582428430411
547,2005,171.0,2,9.0,17.2,6.15,79.53,18.6,5.968445888645395,41.315436241610705
548,2006,7.1,0,0.0,22.7,0.0,61.51,28.0,4.946666666666668,51.428571428571395
549,2006,184.5,1,1.0,23.2,0.0,54.37,27.7,19.851666666666667,44.28
550,2006,190.5,3,10.0,21.9,0.0,83.67,17.1,16.32832366428837,39.5273775216138
551,2006,206.5,3,11.0,29.5,0.0,49.55,25.8,6.426030540040422,33.81396406640889
552,2006,211.5,2,12.0,26.1,8.93,64.45,26.0,11.790840675496872,46.151048611953
553,2006,230.0,1,13.0,24.7,20.81,73.64,18.2,5.822569013651821,42.5138632162662
554,2006,180.5,2,14.0,22.2,15.37,63.3,21.3,6.356440382404262,42.5735438642469
555,2006,187.0,3,15.0,22.5,0.46,65.67,8.7,7.117558736287514,38.376467905598
556,2006,182.0,3,16.0,24.4,0.05,61.67,13.9,12.064783122612813,32.493552866494696
557,2006,200.5,3,17.0,23.9,2.0,60.28,22.3,21.227524445720224,37.1755253399258
558,2006,200.5,3,17.0,23.9,2.0,60.28,22.3,21.227524445720224,36.532037655633204
559,2006,197.0,1,18.0,29.5,0.0,58.07,18.0,13.642843325101056,46.1268292682927
560,2006,57.0,0,19.0,25.9,0.13,55.41,18.3,3.5187360478446483,50.479704797047994
561,2006,228.5,1,2.0,22.8,0.0,49.71,21.6,13.800013068671918,40.775255279072105
562,2006,154.5,1,20.0,24.2,0.0,61.96,11.2,7.73075916296137,39.1359414579229
563,2006,216.5,2,3.0,25.5,0.0,52.54,10.8,7.518771787794684,43.605236656596205
564,2006,207.0,1,4.0,21.5,0.31,77.71,22.3,7.7100237850364985,41.4230127848805
565,2006,225.0,1,5.0,18.9,0.2,86.14,25.5,1.0481951575504203,42.3418714061683
566,2006,189.0,1,6.0,18.8,0.09,80.87,16.7,3.203949027215401,45.308650196444
567,2006,52.0,0,7.0,19.1,0.6,79.63,25.7,4.779308093318755,50.5536051849851
568,2006,181.0,1,8.0,18.6,1.62,88.11,30.2,1.4894939346384606,42.8740623766285
569,2006,169.5,1,9.0,22.9,0.0,80.15,14.8,7.86786102217913,47.2144846796657
570,2007,7.9,0,0.0,17.2,0.0,61.25,22.3,10.406666666666666,53.6603773584906
571,2007,203.0,1,1.0,15.7,0.0,71.2,19.8,13.282228590480855,43.6533062541067
572,2007,229.5,1,10.0,25.5,0.0,55.66,21.6,2.733690170036403,42.9775280898876
573,2007,182.5,1,11.0,22.9,0.0,82.5,15.0,14.838614160119752,48.061448427212895
574,2007,178.5,2,12.0,18.8,0.72,74.21,22.7,0.2234157694574279,40.333919156414794
575,2007,54.0,0,13.0,16.8,14.02,81.62,14.7,2.7195000000000005,48.6730095142714
576,2007,54.0,0,13.0,16.8,14.02,81.62,14.7,2.7195000000000005,47.78761061946901
577,2007,197.0,3,14.0,18.3,0.0,64.37,18.8,17.878691021739517,36.279926335175
578,2007,196.0,3,15.0,18.1,0.65,79.13,23.3,4.392448511382995,35.1604544548535
579,2007,196.0,3,15.0,18.1,0.65,79.13,23.3,4.392448511382995,35.071325612605
580,2007,218.5,3,16.0,12.6,0.0,65.93,44.0,39.25271375207605,34.1985131081257
581,2007,188.5,2,17.0,21.8,0.0,62.46,12.9,10.416239066243474,44.5158750983994
582,2007,211.0,1,18.0,20.5,0.2,71.44,18.4,8.917334782270686,40.380628355749295
583,2007,55.5,0,19.0,20.4,0.0,79.92,25.9,22.929783362677213,53.0818278427205
584,2007,168.5,1,2.0,13.9,9.44,81.59,14.9,14.044424660387868,44.2709093562984
585,2007,146.0,1,20.0,18.2,2.9,73.87,23.7,15.396393296750466,37.9138714563947
586,2007,236.5,1,3.0,13.6,2.86,82.19,21.1,5.743888888888889,35.8107255520505
587,2007,193.0,1,4.0,15.5,0.0,77.74,15.0,5.80122495559056,41.6871662566749
588,2007,182.5,2,5.0,17.4,0.0,70.42,14.8,7.155327023577921,39.2449674451944
589,2007,199.5,1,6.0,20.4,0.0,62.41,20.6,1.977969930831487,37.2916558492134
590,2007,197.5,3,7.0,21.3,0.0,64.57,18.4,4.113065620024356,40.4138009435571
591,2007,165.0,3,8.0,22.0,0.0,53.93,22.6,2.035140964559728,34.1772151898734
592,2007,159.5,3,9.0,23.5,0.0,41.0,18.3,3.621852079648807,37.6179245283019
593,2008,197.5,1,1.0,17.5,1.14,71.61,32.0,4.225557268356938,42.9166415162673
594,2008,156.0,3,10.0,16.4,0.03,74.0,14.2,1.925398823804394,36.076315282328
595,2008,156.0,3,10.0,16.4,0.03,74.0,14.2,1.925398823804394,36.076315282328
596,2008,167.5,2,11.0,19.8,0.11,65.95,14.2,10.217524102474062,42.188483873224705
597,2008,168.5,1,12.0,24.2,0.0,54.54,29.2,22.996617193179258,45.7742227588289
598,2008,182.0,1,13.0,24.3,0.0,43.99,20.9,20.350178232851203,41.098983816334204
599,2008,194.5,1,14.0,23.6,0.0,40.12,25.8,6.928366166314926,46.1021859362655
600,2008,183.0,3,15.0,21.7,0.0,84.43,22.3,2.862853376906247,37.76656730107771
601,2008,157.0,3,16.0,15.7,0.0,57.05,24.1,11.717673258876152,34.702523484988
602,2008,210.5,3,17.0,18.0,0.0,59.12,19.7,13.668431630938555,34.3237612102546
603,2008,196.5,2,18.0,19.8,0.0,59.44,14.1,12.307276638906378,43.610135010172
604,2008,165.5,1,19.0,19.6,0.0,77.26,12.7,8.3826179185489,45.7287589224039
605,2008,164.5,1,2.0,14.6,5.55,81.37,38.7,30.182999172473508,43.8244653296825
606,2008,53.0,0,20.0,20.0,4.01,79.78,16.6,1.7313018425281883,49.8172323759791
607,2008,143.0,1,21.0,23.5,0.0,61.33,11.5,10.981207797176495,37.041300906605294
608,2008,208.0,1,3.0,15.0,16.86,88.34,35.6,14.835523900875085,40.8577508593878
609,2008,29.5,0,4.0,16.7,0.27,75.2,23.7,9.308833333333332,49.533582089552205
610,2008,232.0,1,5.0,18.9,0.0,63.91,16.5,11.438485418572101,42.4562830418869
611,2008,195.5,2,6.0,21.2,0.0,64.6,11.2,1.5429378134848013,39.3800358102059
612,2008,195.5,2,6.0,21.2,0.0,64.6,11.2,1.5429378134848013,39.3778324847535
613,2008,159.0,2,7.0,18.3,0.0,81.89,22.4,4.441986472554863,40.9647176697917
614,2008,172.5,1,8.0,16.7,26.98,88.28,13.6,3.889790745334703,42.610127624536794
615,2008,224.0,3,9.0,14.9,2.16,78.95,21.9,1.4785661133305206,39.5915161036921
616,2008,224.0,3,9.0,14.9,2.16,78.95,21.9,1.4785661133305206,39.4675019577134
617,2009,15.5,0,1.0,24.8,0.0,79.23,15.5,2.1872222222222226,47.61092150170649
618,2009,194.5,1,10.0,20.1,1.67,74.62,17.1,14.275169669200759,40.7022031041097
619,2009,192.0,1,11.0,20.5,0.0,65.97,12.4,11.591433097054338,44.6655896607431
620,2009,211.5,1,12.0,21.2,0.11,68.86,12.5,5.397289587219223,43.3994528043776
621,2009,200.0,2,13.0,18.1,10.65,87.45,25.7,13.291362600991468,40.481277409198206
622,2009,199.0,1,14.0,14.2,10.22,79.53,14.8,0.39559191381862435,42.9857194287772
623,2009,207.5,3,15.0,15.5,0.0,62.49,25.9,5.426325850916894,40.958438425265896
624,2009,159.0,3,16.0,21.3,0.0,53.44,13.0,2.258121085520945,37.5098296199214
625,2009,159.0,3,16.0,21.3,0.0,53.44,13.0,2.258121085520945,37.4950871217084
626,2009,169.5,3,17.0,22.5,0.0,61.1,12.0,8.946627024941456,34.603606668935
627,2009,40.5,0,18.0,23.5,0.46,62.66,22.3,4.497166666666668,50.0858811405015
628,2009,178.0,1,19.0,25.8,0.0,38.63,27.2,3.272945549872807,46.31731116732921
629,2009,187.0,1,2.0,26.2,0.1,67.04,25.5,8.539422920758131,41.550425873349
630,2009,167.0,3,20.0,16.8,0.0,62.08,16.0,4.606974496173411,35.8689815643458
631,2009,164.0,1,21.0,20.6,0.0,58.89,13.1,9.985546628414617,40.6108130416839
632,2009,196.5,1,3.0,26.0,0.0,51.36,28.7,8.85164679066493,39.117451891174504
633,2009,196.5,1,5.0,22.6,0.0,45.64,26.2,15.263647901600567,43.734157650695494
634,2009,181.5,1,6.0,20.4,16.0,76.49,14.6,0.8987093063289838,41.6363983941885
635,2009,224.0,3,7.0,17.5,0.0,70.18,21.5,9.547208034073472,36.176035171145294
636,2009,176.5,3,8.0,19.7,0.0,67.26,14.7,13.336074266983713,38.9576946658492
637,2009,160.5,3,9.0,22.1,0.0,60.7,12.6,7.738722766409815,39.2234064218315
638,2010,8.9,0,0.0,20.7,2.0,78.05,17.1,8.008500000000002,53.4
639,2010,223.5,1,1.0,20.3,0.0,63.4,21.3,8.870836765936874,43.309290558725394
640,2010,179.0,2,10.0,25.0,0.0,54.36,23.1,1.4536004415804558,34.541166380789
641,2010,184.5,1,11.0,25.6,0.0,54.5,22.1,18.43459075670263,39.18815269337421
642,2010,210.5,2,12.0,22.9,0.0,71.26,7.6,1.1652924063776764,42.321009717413204
643,2010,196.0,1,13.0,22.6,0.0,57.97,27.7,12.746347149424718,44.1386212936319
644,2010,184.5,3,14.0,19.3,0.13,53.25,14.6,10.552768527224998,37.8202938161941
645,2010,187.5,3,15.0,21.6,0.0,60.12,14.8,0.575333887648412,39.4783015557375
646,2010,199.5,3,16.0,22.0,0.0,76.1,23.8,8.916940978460445,36.0850123097021
647,2010,174.0,3,17.0,15.8,51.42,90.17,9.5,4.963690122595552,34.4005711461365
648,2010,198.0,1,18.0,18.8,0.2,70.57,31.2,20.286825898986674,42.8648746166336
649,2010,52.0,0,19.0,19.2,0.0,70.2,25.9,13.033177487663902,51.203501094091905
650,2010,201.0,1,2.0,15.8,5.55,77.25,14.4,11.515756636121218,42.9487179487179
651,2010,102.5,1,20.0,19.5,0.0,61.59,14.1,9.570312407729594,37.881121034801396
652,2010,213.0,1,3.0,17.1,0.0,62.83,13.4,2.0477857074103443,44.12475543791
653,2010,153.5,1,4.0,20.1,0.0,55.14,9.4,2.4117388033598073,42.85381930981
654,2010,187.5,1,5.0,25.2,0.0,48.89,8.1,3.5076838700711055,41.5384615384615
655,2010,227.5,1,6.0,26.7,0.0,57.31,13.1,2.8006428008726902,40.420491560556705
656,2010,165.5,2,7.0,18.1,0.71,82.2,29.2,4.78207820975546,37.7758052244484
657,2010,189.0,3,8.0,23.6,8.8,69.21,11.1,8.330604416499524,38.54739108265821
658,2010,204.5,3,9.0,24.2,7.17,70.41,10.3,0.20522357951035386,36.2838836865451
659,2011,191.5,1,1.0,20.1,0.0,45.99,18.3,2.4559301235974798,40.81463501272871
660,2011,158.0,1,10.0,24.5,1.81,51.76,19.4,1.891509401539577,44.8545067423705
661,2011,167.5,1,11.0,18.1,21.22,86.43,26.0,8.510185194906716,44.44608240583771
662,2011,211.0,3,12.0,17.6,0.0,73.88,12.5,0.4809082963910703,35.044982698961896
663,2011,152.5,3,13.0,18.9,0.01,71.81,9.3,1.5471649691017875,40.2021089630931
664,2011,168.5,3,14.0,18.5,0.0,60.85,26.6,17.843315826769423,32.25737835682
665,2011,192.5,1,15.0,22.0,0.0,65.29,36.5,34.918508900512684,44.3548387096774
666,2011,162.5,2,16.0,11.6,38.8,78.67,16.8,6.359397210429388,46.0702472830367
667,2011,179.0,3,17.0,18.3,0.0,64.27,29.0,22.135405941326162,41.62790697674421
668,2011,200.5,3,18.0,8.6,6.4,90.73,34.0,9.777139498327674,32.6961406051821
669,2011,109.5,3,19.0,18.7,1.96,75.62,12.8,10.865309591364984,33.968117190865996
670,2011,42.5,0,20.0,16.9,11.65,86.27,9.3,0.7336666666666661,45.8908218356329
671,2011,95.0,1,21.0,16.6,2.6,59.06,18.4,4.316861458889196,38.7667195647246
672,2011,198.0,1,3.0,20.3,0.0,48.52,24.3,22.607655513144113,42.375601926163704
673,2011,172.5,1,4.0,17.1,4.1,70.87,27.4,25.336292028324856,41.1285515597059
674,2011,164.5,1,5.0,16.5,0.0,68.09,33.9,29.614704353553986,45.16473459426479
675,2011,226.5,1,6.0,15.4,1.81,76.07,28.7,24.165709496087402,43.33315618855289
676,2011,218.0,1,7.0,18.4,0.0,61.16,29.5,13.072087393518562,38.5973540549845
677,2011,189.0,2,8.0,18.5,0.0,66.99,18.4,0.03324401447617245,40.9731422377454
678,2011,208.0,2,9.0,19.4,0.0,66.88,13.0,1.8265371223844438,38.147638697845004
679,2012,6.4,0,0.0,19.2,0.0,65.82,27.8,5.06577777777778,53.210161662817605
680,2012,198.0,1,1.0,15.9,0.0,70.42,25.4,2.1058679793796804,39.823453824236005
681,2012,194.5,3,10.0,19.2,0.0,62.19,22.3,20.50886195910251,40.742464796927706
682,2012,148.0,3,11.0,19.2,0.0,64.47,17.3,8.163742322881527,31.278619232124
683,2012,226.0,2,12.0,19.8,0.09,57.48,22.8,10.963703442571877,39.5604395604396
684,2012,217.0,1,13.0,22.9,0.0,49.7,31.3,11.025045899238474,43.693718888080994
685,2012,191.0,3,14.0,16.3,0.0,69.26,20.0,0.9358203331148363,39.451488897814
686,2012,158.5,1,15.0,18.1,0.0,70.05,9.4,8.675770627722622,43.178206583427894
687,2012,197.0,3,16.0,23.2,0.0,59.01,13.8,7.085529846904255,35.28007163466321
688,2012,143.5,3,17.0,18.0,0.0,79.28,13.0,0.428138069380684,34.141828035159605
689,2012,222.5,1,18.0,18.6,0.0,71.33,17.7,7.758662488485477,45.3772943575799
690,2012,53.5,0,19.0,15.7,0.0,63.48,14.7,13.230670446255429,49.987023098884
691,2012,207.5,1,2.0,16.6,0.0,63.79,18.5,16.42864837117122,41.9215444188787
692,2012,120.0,1,20.0,19.0,0.0,52.54,12.7,1.3607582283851636,38.2741206697971
693,2012,197.0,2,3.0,8.7,0.0,69.54,17.5,9.406269847527446,41.7717045588409
694,2012,214.5,1,4.0,20.1,0.8,74.05,20.4,2.523546031075132,40.4039347007116
695,2012,196.5,1,5.0,18.7,4.74,91.46,13.1,6.5705948134300485,41.8827708703375
696,2012,207.5,1,6.0,18.9,1.0,74.44,18.4,10.587137110105331,44.9458483754513
697,2012,199.0,2,7.0,19.0,0.0,73.02,10.7,2.820577602854286,39.9888361708066
698,2012,157.5,2,8.0,17.3,23.3,76.86,25.1,10.465503434097467,40.0141143260409
699,2012,41.5,0,9.0,19.2,0.0,71.95,13.6,13.516336314260917,48.443579766537
700,2013,213.0,1,1.0,20.3,0.0,53.15,14.4,13.167232387641313,43.0496294632832
701,2013,197.0,1,10.0,18.4,0.0,77.66,25.9,4.506043161080217,40.2840102243681
702,2013,33.0,0,11.0,23.4,5.05,80.7,24.1,11.978723022521276,54.2713567839196
703,2013,218.0,1,12.0,19.1,0.0,66.12,22.3,11.36259346236372,45.1319799873483
704,2013,173.0,1,13.0,20.4,0.0,59.36,20.4,8.28110992851554,47.1532404603271
705,2013,191.0,2,14.0,23.0,0.0,49.42,20.7,14.47821827618981,44.908889034027794
706,2013,242.5,3,15.0,20.4,0.0,55.41,16.6,9.441258433837156,41.7204301075269
707,2013,168.0,3,16.0,22.7,0.0,52.38,16.8,9.023376242052434,43.308270676691706
708,2013,32.0,0,17.0,20.0,5.54,58.52,20.5,16.284331515139726,37.245392822502396
709,2013,172.5,3,18.0,20.2,22.01,83.34,23.4,22.406778670014695,35.501943745712296
710,2013,204.5,3,19.0,20.2,5.0,80.73,17.5,11.004169786711799,34.1766863191124
711,2013,156.0,2,2.0,20.4,0.0,62.69,24.1,8.019610976963872,41.9386154880143
712,2013,125.0,3,20.0,21.4,2.0,69.47,15.3,2.8451291964851526,34.2361533779671
713,2013,133.5,1,21.0,26.7,0.0,50.75,18.0,6.269394245022857,43.0105602291033
714,2013,145.5,2,3.0,21.0,0.0,66.81,14.7,9.916813159712794,39.4308943089431
715,2013,228.5,1,5.0,20.6,0.0,72.75,19.5,5.819514974235048,41.3138466174476
716,2013,176.5,1,6.0,24.9,0.0,48.6,32.6,9.268201995753726,44.3034444289499
717,2013,205.5,1,7.0,21.7,0.2,70.92,11.2,4.488160439424505,41.9102651257648
718,2013,195.0,3,8.0,21.5,0.0,67.77,16.1,6.242970676690963,38.5756676557863
719,2013,168.5,3,9.0,23.2,0.0,64.41,14.6,3.503092114978728,35.7180710121887
720,2014,190.5,1,1.0,15.1,10.6,74.3,27.5,16.75227971727689,40.2299524843081
721,2014,161.5,3,10.0,16.6,13.13,87.78,18.0,0.41590468648666956,36.2333291786115
722,2014,187.5,2,11.0,19.0,0.0,71.48,9.5,3.8970985602965236,42.333019755409204
723,2014,185.5,1,12.0,24.2,0.0,57.72,18.1,13.648421721033811,40.8915559365624
724,2014,197.5,3,13.0,24.0,0.2,67.96,9.0,0.6137742384404475,37.922022507867105
725,2014,177.0,3,14.0,23.2,0.0,53.61,17.4,0.2522175020731104,34.4302155940995
726,2014,222.0,1,15.0,22.6,12.0,66.5,24.8,10.602407468921362,44.8913104532944
727,2014,237.5,3,16.0,19.3,0.0,73.84,10.3,3.7208446544977525,38.8107126645483
728,2014,124.5,3,17.0,20.6,0.0,75.11,12.3,0.15990972119295863,34.6823492996982
729,2014,145.5,3,18.0,21.7,0.0,82.29,12.7,8.106377264782141,35.737190420959294
730,2014,208.5,1,19.0,20.0,45.7,90.82,20.5,17.604913125852345,44.09846660008229
731,2014,201.0,2,2.0,14.7,0.0,68.89,21.1,10.725416473910066,39.0797148412184
732,2014,54.0,0,20.0,20.5,0.2,81.86,15.0,12.889797446803964,48.8319517709118
733,2014,137.5,1,21.0,23.0,0.0,63.0,13.3,3.1150531668421095,41.0788381742739
734,2014,155.0,1,3.0,16.2,2.4,69.36,0.3,0.07522443631619448,42.5629290617849
735,2014,163.5,1,4.0,16.0,6.91,85.3,14.8,12.232874015144795,45.2804061850912
736,2014,152.5,2,5.0,12.7,16.35,94.09,21.4,20.84926137696695,46.076374318086394
737,2014,194.0,1,6.0,16.0,10.12,93.22,29.3,28.48655522230122,46.25471885555329
738,2014,234.5,1,7.0,18.4,0.0,83.02,14.6,13.469271261094354,44.15502902871489
739,2014,161.0,2,8.0,17.2,0.0,86.68,14.4,9.16753493134829,42.0976176641487
740,2014,170.0,2,9.0,18.4,1.34,79.57,18.8,9.604622726157714,40.8708427941766
741,2015,13.8,0,1.0,25.6,0.0,69.67,26.2,2.6927777777777777,55.446428571428605
742,2015,167.0,3,10.0,20.6,0.0,66.82,12.8,7.083280055054444,38.227252495708
743,2015,188.0,3,11.0,23.8,0.0,61.83,11.6,2.1629872634264253,37.348932178135904
744,2015,195.0,3,12.0,26.6,0.0,48.95,12.9,5.628700046759685,34.3881649848143
745,2015,198.5,2,13.0,27.3,0.0,43.67,18.4,11.902340127311032,41.9809658089531
746,2015,178.5,2,14.0,23.7,0.0,75.38,22.3,9.033403417289913,40.611767679959605
747,2015,183.0,2,15.0,27.7,0.0,67.95,16.8,16.363786331577643,46.4107079957732
748,2015,201.0,2,16.0,25.5,0.0,50.58,24.1,4.244485005419664,44.6391116594695
749,2015,161.0,3,17.0,22.9,6.93,61.37,19.7,12.289060216264518,38.2902820902425
750,2015,186.5,3,18.0,23.3,0.28,73.21,9.7,9.124497628598142,36.8496158068057
751,2015,138.0,3,19.0,24.3,8.8,72.58,11.2,2.80491026526122,31.4968617257338
752,2015,166.0,1,2.0,21.4,0.0,69.83,14.3,13.569943000993407,47.644104281272405
753,2015,110.5,3,20.0,21.2,18.19,67.94,18.3,14.35530009451687,33.5951355459843
754,2015,109.5,1,21.0,15.2,4.8,69.88,21.6,12.932479324293677,38.719182791474296
755,2015,159.5,1,3.0,19.4,0.0,61.23,15.2,6.742530559231843,46.25422909618171
756,2015,223.5,2,4.0,19.2,1.4,70.79,27.3,7.381574103450521,40.764008511500705
757,2015,189.5,1,5.0,15.0,1.13,81.83,36.4,4.9696836227366825,40.752688172043
758,2015,191.5,1,6.0,15.8,0.0,69.98,27.7,8.20485299646967,39.112674458186795
759,2015,190.5,1,7.0,20.6,0.0,51.88,21.7,13.600950458999474,42.7422873169212
760,2015,181.5,1,8.0,17.4,0.0,73.76,19.2,1.8278757139249984,41.7374640689875
761,2016,188.0,1,1.0,14.0,0.0,76.9,33.8,31.720317482640482,44.3948835683831
762,2016,197.0,2,10.0,18.0,6.8,81.55,22.3,11.395838745231703,45.0057113846935
763,2016,162.5,1,11.0,22.0,0.0,40.14,41.6,26.314592566277703,47.2421868690947
764,2016,178.0,3,12.0,18.5,0.0,47.77,36.2,17.13462529326327,39.2863711605665
765,2016,37.5,0,13.0,25.6,0.0,85.19,12.8,11.437133248011245,44.7761194029851
766,2016,208.5,1,14.0,18.1,0.0,59.24,29.9,15.746990536472042,36.3856706578118
767,2016,160.0,3,15.0,20.6,0.0,61.7,14.5,4.582365713153148,36.251494744792
768,2016,209.0,1,16.0,21.1,0.0,66.97,9.0,4.450965382215397,47.13695025686
769,2016,184.5,3,17.0,22.3,0.0,49.13,19.7,2.8940422075329066,40.0289278611463
770,2016,17.0,3,18.0,23.4,1.42,60.28,8.3,0.9294905897647546,33.2067281606077
771,2016,146.0,3,19.0,16.4,15.87,81.5,10.7,10.093205972242341,34.4700944386149
772,2016,183.0,1,2.0,13.9,2.2,92.13,21.1,12.414222125879451,42.093156986774
773,2016,146.5,3,20.0,19.7,1.75,85.31,21.7,19.958423670518123,35.6231003039514
774,2016,113.0,1,21.0,22.4,0.0,53.52,14.8,14.540110566648096,41.5610952186351
775,2016,223.5,1,3.0,16.9,0.2,84.09,9.3,3.408251913132402,37.2603500972492
776,2016,237.5,1,4.0,18.3,0.0,76.57,14.7,9.994673622947568,43.37899543379001
777,2016,216.0,2,5.0,18.7,0.1,67.77,16.3,11.401751261281646,39.0832328106152
778,2016,190.5,1,6.0,24.1,0.0,56.48,11.1,2.2794473984218886,40.274841437632105
779,2016,162.5,2,7.0,21.5,0.0,70.88,22.0,7.294713184635686,42.735042735042704
780,2016,184.0,3,8.0,21.6,0.4,79.58,13.0,5.367552271238309,37.1030078978323
781,2016,184.5,3,9.0,23.9,0.2,68.41,17.4,6.8967261229535435,34.9873577749684
782,2017,14.0,0,1.0,16.1,0.0,91.84,22.2,9.891333333333332,52.2821576763485
783,2017,178.0,1,10.0,20.8,0.0,75.72,11.2,0.03051385842458027,44.31535269709539
784,2017,203.5,1,11.0,19.4,0.0,86.19,14.6,2.578862235789566,44.4889779559118
785,2017,214.5,3,12.0,19.4,0.4,84.23,11.7,9.340859119744882,36.8099914195824
786,2017,101.0,3,13.0,20.0,0.14,73.89,15.7,13.630667112583216,38.7261689210779
787,2017,181.5,2,14.0,18.9,0.0,64.83,24.2,15.203886008546165,41.5754644947824
788,2017,189.5,2,15.0,18.9,0.0,60.09,16.5,8.915199909905999,40.350150825102
789,2017,165.0,2,16.0,24.9,0.0,41.5,37.8,20.836322499306977,45.360824742268
790,2017,183.0,3,17.0,22.2,0.8,49.83,13.8,7.537805662455493,35.6860408428579
791,2017,179.5,3,18.0,16.3,21.8,91.96,22.3,5.037276098879156,38.388878987702704
792,2017,222.5,1,19.0,24.0,0.0,64.52,24.2,9.888553083622778,43.6060754532092
793,2017,203.5,1,2.0,15.3,0.6,83.92,23.2,3.1928446164445465,44.0635149765428
794,2017,22.5,0,20.0,25.6,0.0,65.82,21.9,0.0729999999999993,47.78761061946901
795,2017,103.0,1,21.0,17.0,0.2,69.09,18.7,10.077954364746065,42.4304840370752
796,2017,212.5,2,3.0,17.1,12.1,80.65,16.5,7.414462064322308,41.48815011660071
797,2017,207.5,1,4.0,20.2,0.0,67.08,10.7,0.898729669780333,42.3613473970738
798,2017,160.5,2,5.0,23.0,0.0,62.1,13.9,8.219825834474925,42.9718875502008
799,2017,216.0,1,6.0,26.3,0.2,54.74,18.3,15.844718049090721,42.413003163521296
800,2017,213.5,1,7.0,27.2,0.0,51.96,26.8,7.9237562329887865,42.235410484668606
801,2017,187.5,2,8.0,21.3,0.0,35.76,41.2,9.547105237185724,41.5922114732886
802,2017,181.5,3,9.0,23.9,1.0,71.06,20.2,4.5727361080097815,35.429996746556796
